{"cameraMode":{"drawMode":0,"name":"Shaded","section":"Shading Mode"},"sceneLighting":false,"audioPlay":false,"sceneViewState":{"m_AlwaysRefresh":false,"showFog":true,"showSkybox":false,"showFlares":true,"showImageEffects":true,"showParticleSystems":true,"showVisualEffectGraphs":true,"m_FxEnabled":true},"in2DMode":false,"pivot":{"x":8.866092681884766,"y":3.059096336364746,"z":33.40241622924805},"rotation":{"x":-0.0014332231367006899,"y":0.9939963221549988,"z":-0.1086738258600235,"w":-0.013125842437148095},"size":13.481708526611329,"orthographic":false}